word,count
祂(1),15/15
囯(2),1/16
埜(3),6/22
夲(4),31/53
烳(5),1/54
孮(6),1/55
咉(7),1/56
衳(8),1/57
昚(9),4/61
粿(10),20/81
夀(11),21/102
楽(12),14/116
塆(13),1/117
漄(14),1/118
牪(15),1/119
圔(16),1/120
呲(17),45/165
啵(18),45/210
栛(19),1/211
乸(20),6/217
亊(21),6/223
騄(22),3/226
叾(23),1/227
簑(24),17/244
堶(25),1/245
喫(26),29/274
掻(27),1/275
箤(28),1/276
囍(29),24/300
魉(30),38/338
敎(31),12/350
潀(32),2/352
鉧(33),17/369
琸(34),1/370
眏(35),1/371
筕(36),1/372
椘(37),3/375
豋(38),3/378
檏(39),3/381
櫵(40),1/382
骰(41),62/444
騵(42),4/448
顕(43),5/453
赟(44),16/469
糵(45),2/471
証(46),19/490
砯(47),1/491
嚱(48),1/492
晳(49),4/496
磡(50),28/524
矶(51),8/532
矹(52),1/533
矻(53),6/539
矾(54),2/541
矿(55),7/548
砀(56),1/549
码(57),2/551
砂(58),13/564
砉(59),1/565
砌(60),25/590
砍(61),1/591
研(62),78/669
砖(63),10/679
砗(64),1/680
砚(65),15/695
砥(66),17/712
砦(67),1/713
砧(68),68/781
砭(69),2/783
砰(70),4/787
破(71),106/893
砷(72),2/895
砸(73),1/896
砺(74),7/903
砻(75),5/908
砾(76),19/927
础(77),9/936
硃(78),1/937
硅(79),1/938
硉(80),1/939
硒(81),1/940
硕(82),51/991
硖(83),5/996
硗(84),1/997
硙(85),1/998
硝(86),2/1000
硟(87),1/1001
硤(88),5/1006
硨(89),1/1007
硫(90),3/1010
硬(91),9/1019
确(92),27/1046
硯(93),15/1061
硷(94),1/1062
硼(95),1/1063
碁(96),1/1064
碉(97),2/1066
碌(98),4/1070
碍(99),34/1104
碎(100),15/1119
碑(101),469/1588
碓(102),1/1589
碗(103),4/1593
碘(104),1/1594
碛(105),46/1640
碝(106),3/1643
碣(107),155/1798
碧(108),78/1876
碩(109),51/1927
碭(110),1/1928
碰(111),1/1929
碱(112),1/1930
碳(113),1/1931
碴(114),1/1932
確(115),27/1959
碻(116),1/1960
碼(117),2/1962
碾(118),1/1963
磁(119),5/1968
磅(120),3/1971
磊(121),86/2057
磋(122),1/2058
磐(123),17/2075
磔(124),8/2083
磕(125),2/2085
磚(126),10/2095
磢(127),1/2096
磧(128),4/2100
磨(129),64/2164
磩(130),5/2169
磬(131),46/2215
磯(132),8/2223
磲(133),1/2224
磴(134),15/2239
磷(135),2/2241
磺(136),1/2242
磻(137),18/2260
磽(138),1/2261
磾(139),10/2271
礁(140),1/2272
礆(141),1/2273
礎(142),9/2282
礙(143),34/2316
礜(144),2/2318
礝(145),2/2320
三(146),2314/4634
上(147),2006/6640
下(148),1857/8497
不(149),6307/14804
与(150),1294/16098
丏(151),1/16099
丐(152),4/16103
丑(153),141/16244
专(154),173/16417
且(155),363/16780
丕(156),61/16841
世(157),1576/18417
丘(158),277/18694
丙(159),127/18821
业(160),450/19271
丛(161),35/19306
东(162),889/20195
丝(163),101/20296
丞(164),192/20488
丟(165),3/20491
丢(166),3/20494
两(167),320/20814
严(168),234/21048
並(169),606/21654
丧(170),128/21782
个(171),15/21797
丫(172),1/21798
丰(173),88/21886
丱(174),2/21888
串(175),1/21889
临(176),512/22401
丸(177),51/22452
丹(178),444/22896
主(179),488/23384
举(180),318/23702
丽(181),124/23826
义(182),660/24486
乂(183),44/24530
乃(184),1126/25656
久(185),351/26007
么(186),10/26017
乌(187),82/26099
乍(188),97/26196
乎(189),778/26974
乏(190),38/27012
乐(191),623/27635
乒(192),1/27636
乓(193),1/27637
乔(194),32/27669
乖(195),45/27714
乘(196),349/28063
乙(197),145/28208
九(198),1048/29256
乞(199),94/29350
习(200),180/29530
乡(201),201/29731
甑(202),1/29732
甓(203),3/29735
甕(204),7/29742
甘(205),143/29885
甚(206),306/30191
甜(207),9/30200
生(208),2206/32406
產(209),59/32465
産(210),59/32524
甤(211),1/32525
甥(212),12/32537
用(213),606/33143
甩(214),87/33230
甫(215),162/33392
田(216),318/33710
由(217),245/33955
甲(218),357/34312
申(219),276/34588
电(220),57/34645
男(221),231/34876
甸(222),11/34887
町(223),3/34890
画(224),259/35149
甿(225),1/35150
畀(226),10/35160
畅(227),67/35227
畊(228),7/35234
畋(229),5/35239
界(230),159/35398
畎(231),9/35407
畏(232),102/35509
畔(233),28/35537
留(234),235/35772
畚(235),6/35778
畛(236),3/35781
畜(237),31/35812
畝(238),52/35864
畢(239),164/36028
畣(240),2/36030
畤(241),3/36033
略(242),141/36174
畦(243),16/36190
番(244),16/36206
畫(245),259/36465
畬(246),1/36466
畯(247),2/36468
異(248),438/36906
畲(249),3/36909
畴(250),57/36966
當(251),1094/38060
畷(252),1/38061
畸(253),1/38062
畹(254),7/38069
畿(255),16/38085
疃(256),1/38086
疆(257),35/38121
疇(258),57/38178
疊(259),30/38208
疏(260),216/38424
疑(261),264/38688
疕(262),1/38689
疗(263),5/38694
疙(264),2/38696
疚(265),7/38703
疝(266),2/38705
疟(267),5/38710
疠(268),5/38715
疢(269),2/38717
疣(270),2/38719
疤(271),1/38720
疥(272),1/38721
疦(273),1/38722
疫(274),2/38724
疭(275),1/38725
疮(276),19/38744
疯(277),2/38746
疲(278),52/38798
疴(279),4/38802
疵(280),6/38808
疹(281),3/38811
疻(282),1/38812
疼(283),1/38813
疽(284),1/38814
疾(285),190/39004
痂(286),1/39005
病(287),130/39135
症(288),2/39137
痈(289),1/39138
痊(290),4/39142
痌(291),2/39144
痍(292),2/39146
痏(293),1/39147
痒(294),2/39149
痔(295),1/39150
痕(296),11/39161
痘(297),1/39162
痛(298),114/39276
痡(299),2/39278
痢(300),1/39279
痪(301),2/39281
痰(302),10/39291
痴(303),23/39314
痹(304),1/39315
痼(305),29/39344
痾(306),47/39391
痿(307),1/39392
瘁(308),1/39393
瘄(309),1/39394
瘅(310),1/39395
瘋(311),2/39397
瘐(312),3/39400
瘓(313),2/39402
瘕(314),1/39403
瘗(315),11/39414
瘘(316),1/39415
瘚(317),1/39416
瘛(318),1/39417
瘝(319),1/39418
瘞(320),11/39429
瘟(321),1/39430
瘡(322),19/39449
瘤(323),1/39450
瘥(324),2/39452
瘦(325),28/39480
瘧(326),5/39485
瘩(327),1/39486
瘪(328),2/39488
瘫(329),2/39490
瘴(330),5/39495
瘵(331),4/39499
瘸(332),1/39500
瘺(333),1/39501
瘻(334),1/39502
瘼(335),1/39503
瘿(336),2/39505
療(337),5/39510
癃(338),2/39512
癉(339),1/39513
癌(340),1/39514
癕(341),1/39515
癖(342),78/39593
癘(343),5/39598
癞(344),2/39600
癟(345),2/39602
癡(346),23/39625
癢(347),2/39627
癣(348),5/39632
癥(349),2/39634
癩(350),2/39636
癬(351),5/39641
癭(352),2/39643
癰(353),1/39644
癱(354),2/39646
癸(355),139/39785
登(356),283/40068
發(357),580/40648
白(358),611/41259
百(359),818/42077
的(360),103/42180
皀(361),1/42181
皂(362),6/42187
皆(363),765/42952
皇(364),630/43582
皈(365),4/43586
皋(366),61/43647
皎(367),40/43687
皐(368),1/43688
皓(369),176/43864
皖(370),2/43866
皙(371),1/43867
皤(372),7/43874
皦(373),5/43879
皮(374),13/43892
皱(375),2/43894
皴(376),3/43897
皺(377),2/43899
皿(378),1/43900
盂(379),5/43905
盅(380),2/43907
盆(381),11/43918
盈(382),130/44048
益(383),305/44353
盍(384),8/44361
盎(385),79/44440
盏(386),7/44447
盐(387),26/44473
监(388),193/44666
盒(389),1/44667
盔(390),1/44668
盖(391),537/45205
盗(392),208/45413
盘(393),149/45562
盛(394),371/45933
盜(395),208/46141
盞(396),7/46148
盟(397),40/46188
盡(398),447/46635
監(399),193/46828
盤(400),149/46977
盥(401),8/46985
盦(402),7/46992
盧(403),52/47044
盩(404),2/47046
盪(405),111/47157
盫(406),1/47158
盬(407),6/47164
盭(408),1/47165
目(409),311/47476
盯(410),2/47478
盱(411),92/47570
盲(412),22/47592
直(413),730/48322
相(414),1249/49571
盹(415),1/49572
盻(416),1/49573
盼(417),7/49580
盾(418),4/49584
眀(419),248/49832
省(420),211/50043
眂(421),1/50044
眄(422),14/50058
眇(423),251/50309
眈(424),7/50316
眉(425),51/50367
眊(426),2/50369
看(427),48/50417
眙(428),1/50418
眚(429),1/50419
真(430),1215/51634
眠(431),50/51684
眥(432),3/51687
眦(433),3/51690
眨(434),1/51691
眩(435),5/51696
眯(436),1/51697
眵(437),2/51699
眶(438),1/51700
眷(439),72/51772
眸(440),82/51854
眺(441),27/51881
眼(442),125/52006
眾(443),638/52644
着(444),34/52678
睁(445),6/52684
睃(446),1/52685
睇(447),6/52691
睋(448),1/52692
睎(449),2/52694
睏(450),65/52759
睐(451),6/52765
睘(452),4/52769
睛(453),4/52773
睜(454),6/52779
睞(455),6/52785
睡(456),24/52809
睢(457),11/52820
督(458),164/52984
睥(459),1/52985
睦(460),46/53031
睨(461),113/53144
睫(462),4/53148
睬(463),1/53149
睴(464),1/53150
睹(465),142/53292
睺(466),2/53294
睽(467),2/53296
睾(468),4/53300
睿(469),69/53369
瞄(470),1/53370
瞋(471),2/53372
瞍(472),1/53373
瞎(473),1/53374
瞑(474),10/53384
瞒(475),4/53388
瞞(476),4/53392
瞥(477),2/53394
瞧(478),1/53395
瞩(479),13/53408
瞪(480),3/53411
瞬(481),4/53415
瞭(482),1/53416
瞰(483),75/53491
瞳(484),1/53492
瞻(485),152/53644
瞽(486),7/53651
瞿(487),14/53665
矇(488),1/53666
矌(489),3/53669
矕(490),3/53672
矗(491),3/53675
矚(492),13/53688
矛(493),7/53695
矜(494),67/53762
矞(495),1/53763
矢(496),53/53816
矣(497),905/54721
矤(498),1/54722
知(499),1284/56006
矧(500),21/56027
矩(501),76/56103
矫(502),75/56178
短(503),77/56255
矮(504),1/56256
矯(505),75/56331
矰(506),1/56332
矱(507),3/56335
石(508),964/57299
礡(509),20/57319
礦(510),7/57326
礪(511),7/57333
礫(512),19/57352
礬(513),2/57354
礱(514),5/57359
礴(515),2/57361
示(516),278/57639
礼(517),609/58248
社(518),90/58338
礿(519),2/58340
祀(520),92/58432
祁(521),5/58437
祃(522),1/58438
祄(523),1/58439
祆(524),1/58440
祇(525),76/58516
祈(526),32/58548
祉(527),41/58589
祊(528),2/58591
祎(529),55/58646
祏(530),1/58647
祐(531),80/58727
祑(532),1/58728
祓(533),7/58735
祔(534),9/58744
祕(535),9/58753
祖(536),590/59343
祗(537),64/59407
祙(538),1/59408
祚(539),30/59438
祛(540),5/59443
祜(541),15/59458
祝(542),102/59560
神(543),1706/61266
祟(544),5/61271
祠(545),84/61355
祢(546),3/61358
祥(547),106/61464
祧(548),14/61478
票(549),2/61480
祭(550),109/61589
祯(551),30/61619
祲(552),2/61621
祴(553),1/61622
祷(554),15/61637
祸(555),107/61744
祺(556),5/61749
祿(557),249/61998
禀(558),105/62103
禁(559),88/62191
禅(560),401/62592
禇(561),6/62598
禊(562),30/62628
禋(563),1/62629
禍(564),107/62736
禎(565),30/62766
福(566),365/63131
禔(567),7/63138
禖(568),1/63139
禠(569),2/63141
禦(570),480/63621
禧(571),4/63625
禨(572),1/63626
禩(573),15/63641
禪(574),401/64042
禫(575),5/64047
禬(576),1/64048
禭(577),1/64049
禮(578),609/64658
禯(579),1/64659
禰(580),3/64662
禱(581),15/64677
禳(582),1/64678
禹(583),91/64769
禺(584),3/64772
离(585),318/65090
禽(586),96/65186
禾(587),29/65215
禿(588),4/65219
秀(589),231/65450
私(590),166/65616
秃(591),4/65620
秆(592),4/65624
秇(593),1/65625
秉(594),71/65696
秋(595),399/66095
种(596),137/66232
科(597),73/66305
秒(598),3/66308
秔(599),2/66310
秕(600),11/66321
秖(601),2/66323
秘(602),232/66555
租(603),6/66561
秡(604),1/66562
秣(605),10/66572
秤(606),1/66573
秦(607),172/66745
秧(608),1/66746
秩(609),32/66778
秪(610),4/66782
秫(611),2/66784
秬(612),1/66785
秭(613),1/66786
积(614),252/67038
称(615),296/67334
秸(616),1/67335
秺(617),2/67337
移(618),143/67480
秽(619),60/67540
秾(620),53/67593
稀(621),32/67625
稂(622),1/67626
稅(623),42/67668
稈(624),4/67672
稉(625),5/67677
程(626),83/67760
稌(627),1/67761
稍(628),41/67802
税(629),42/67844
稔(630),3/67847
稗(631),1/67848
稚(632),29/67877
稟(633),105/67982
稠(634),27/68009
稧(635),17/68026
稭(636),1/68027
種(637),137/68164
稱(638),296/68460
稳(639),10/68470
稷(640),72/68542
稻(641),11/68553
稼(642),62/68615
稽(643),139/68754
稿(644),53/68807
穀(645),301/69108
穅(646),1/69109
穆(647),111/69220
穉(648),3/69223
積(649),579/69802
穎(650),47/69849
穑(651),30/69879
穗(652),3/69882
穠(653),1/69883
穡(654),30/69913
穢(655),60/69973
穩(656),10/69983
穫(657),202/70185
穬(658),2/70187
穰(659),12/70199
穴(660),41/70240
究(661),78/70318
穷(662),283/70601
穸(663),7/70608
穹(664),16/70624
空(665),457/71081
穿(666),20/71101
窀(667),2/71103
突(668),29/71132
窃(669),75/71207
窄(670),2/71209
窅(671),67/71276
窆(672),23/71299
窈(673),167/71466
窌(674),1/71467
窍(675),32/71499
窑(676),2/71501
窒(677),1/71502
窕(678),156/71658
窖(679),3/71661
窗(680),33/71694
窘(681),9/71703
窚(682),1/71704
窜(683),16/71720
窝(684),3/71723
窟(685),19/71742
窠(686),5/71747
窥(687),70/71817
窦(688),112/71929
窩(689),3/71932
窪(690),3/71935
窭(691),3/71938
窮(692),283/72221
窯(693),2/72223
窳(694),5/72228
窴(695),1/72229
窶(696),3/72232
窺(697),70/72302
窽(698),1/72303
窿(699),2/72305
竁(700),4/72309
竄(701),16/72325
竅(702),32/72357
竇(703),34/72391
竈(704),10/72401
竊(705),75/72476
立(706),446/72922
竑(707),2/72924
竖(708),23/72947
竞(709),69/73016
竟(710),107/73123
章(711),449/73572
竣(712),8/73580
童(713),137/73717
竦(714),17/73734
竪(715),23/73757
竭(716),114/73871
端(717),219/74090
競(718),69/74159
竹(719),164/74323
竺(720),15/74338
竽(721),6/74344
竿(722),15/74359
笃(723),106/74465
笄(724),14/74479
笆(725),2/74481
笈(726),20/74501
笊(727),2/74503
笋(728),36/74539
笏(729),10/74549
笑(730),125/74674
笔(731),430/75104
笙(732),30/75134
笛(733),7/75141
笞(734),3/75144
笠(735),79/75223
笤(736),1/75224
笥(737),8/75232
符(738),367/75599
笨(739),4/75603
笪(740),2/75605
第(741),405/76010
笳(742),75/76085
笼(743),35/76120
筆(744),430/76550
筇(745),1/76551
等(746),545/77096
筋(747),44/77140
筌(748),1/77141
筍(749),36/77177
筏(750),5/77182
筐(751),15/77197
筑(752),55/77252
筒(753),6/77258
答(754),84/77342
策(755),117/77459
筛(756),4/77463
筝(757),6/77469
筠(758),23/77492
筥(759),7/77499
筩(760),1/77500
筭(761),2/77502
筮(762),19/77521
筳(763),11/77532
筵(764),54/77586
筷(765),1/77587
筹(766),27/77614
签(767),27/77641
简(768),148/77789
箄(769),1/77790
箇(770),1/77791
箋(771),43/77834
箍(772),1/77835
箎(773),1/77836
箏(774),6/77842
箑(775),1/77843
箓(776),18/77861
箔(777),2/77863
箕(778),16/77879
算(779),76/77955
箛(780),1/77956
箠(781),1/77957
管(782),175/78132
箦(783),1/78133
箧(784),98/78231
箨(785),2/78233
箩(786),2/78235
箪(787),2/78237
箫(788),26/78263
箭(789),23/78286
箯(790),1/78287
箱(791),28/78315
箴(792),49/78364
箷(793),1/78365
箸(794),4/78369
節(795),587/78956
篁(796),17/78973
範(797),196/79169
篅(798),1/79170
54(799),110/79280
篇(800),88/79368
築(801),55/79423
篋(802),26/79449
篑(803),2/79451
篓(804),3/79454
篙(805),3/79457
篛(806),27/79484
篝(807),50/79534
篠(808),7/79541
篡(809),5/79546
篤(810),106/79652
篨(811),2/79654
篩(812),4/79658
篪(813),7/79665
篮(814),15/79680
篱(815),13/79693
篲(816),2/79695
篴(817),1/79696
篷(818),6/79702
篾(819),3/79705
篿(820),2/79707
簀(821),1/79708
簁(822),3/79711
簃(823),3/79714
簇(824),5/79719
簋(825),4/79723
簍(826),3/79726
簏(827),2/79728
簜(828),1/79729
簞(829),2/79731
簟(830),4/79735
簠(831),4/79739
簡(832),148/79887
簣(833),2/79889
簦(834),1/79890
簧(835),1/79891
簨(836),2/79893
簪(837),18/79911
簫(838),26/79937
簳(839),1/79938
簴(840),2/79940
簸(841),2/79942
簺(842),1/79943
簽(843),27/79970
簾(844),20/79990
簿(845),62/80052
籀(846),29/80081
籁(847),6/80087
籃(848),15/80102
籋(849),3/80105
籌(850),27/80132
籍(851),91/80223
籒(852),5/80228
籙(853),1/80229
籜(854),2/80231
籞(855),2/80233
籟(856),6/80239
籠(857),35/80274
籢(858),1/80275
籥(859),1/80276
籧(860),2/80278
籫(861),1/80279
籬(862),13/80292
籮(863),2/80294
籲(864),18/80312
籴(865),2/80314
类(866),172/80486
籽(867),1/80487
粃(868),5/80492
粉(869),31/80523
粒(870),40/80563
粕(871),12/80575
粗(872),48/80623
粘(873),10/80633
粜(874),2/80635
粝(875),3/80638
粟(876),36/80674
粤(877),54/80728
粥(878),2/80730
粪(879),18/80748
粮(880),35/80783
粯(881),1/80784
粱(882),6/80790
粲(883),31/80821
粳(884),2/80823
粵(885),54/80877
粹(886),50/80927
粻(887),2/80929
粼(888),5/80934
粽(889),1/80935
精(890),818/81753
糁(891),2/81755
糅(892),7/81762
糇(893),1/81763
糈(894),2/81765
糊(895),10/81775
糒(896),1/81776
糕(897),1/81777
糖(898),2/81779
糗(899),3/81782
糙(900),1/81783
糜(901),6/81789
糝(902),2/81791
糞(903),18/81809
糟(904),36/81845
糠(905),33/81878
糢(906),1/81879
糧(907),35/81914
糯(908),3/81917
糲(909),3/81920
糴(910),2/81922
糶(911),2/81924
糸(912),1/81925
糺(913),1/81926
糾(914),29/81955
紀(915),161/82116
紂(916),5/82121
紃(917),6/82127
約(918),102/82229
紅(919),54/82283
紆(920),36/82319
紇(921),2/82321
紈(922),26/82347
紉(923),13/82360
紊(924),3/82363
紋(925),9/82372
納(926),145/82517
紐(927),16/82533
純(928),67/82600
紗(929),12/82612
紙(930),178/82790
級(931),40/82830
紛(932),95/82925
紜(933),9/82934
素(934),440/83374
紡(935),26/83400
索(936),138/83538
紧(937),7/83545
紫(938),355/83900
紬(939),2/83902
紮(940),7/83909
累(941),180/84089
細(942),96/84185
紱(943),13/84198
紲(944),6/84204
紳(945),49/84253
紹(946),129/84382
紺(947),4/84386
紼(948),1/84387
紿(949),2/84389
絀(950),3/84392
終(951),409/84801
絃(952),1/84802
組(953),46/84848
絆(954),6/84854
絍(955),2/84856
結(956),193/85049
絕(957),473/85522
絛(958),1/85523
絜(959),8/85531
絝(960),1/85532
絞(961),6/85538
絡(962),16/85554
絢(963),11/85565
給(964),151/85716
絨(965),4/85720
絪(966),2/85722
絮(967),10/85732
統(968),84/85816
絲(969),101/85917
絳(970),134/86051
絶(971),473/86524
絷(972),7/86531
絹(973),50/86581
絺(974),3/86584
綁(975),2/86586
綃(976),4/86590
綆(977),6/86596
綈(978),7/86603
綉(979),32/86635
綌(980),2/86637
綍(981),2/86639
綏(982),36/86675
經(983),998/87673
綜(984),38/87711
綝(985),2/87713
綟(986),1/87714
綠(987),64/87778
綢(988),25/87803
綣(989),9/87812
綦(990),3/87815
綫(991),16/87831
綬(992),24/87855
維(993),194/88049
綮(994),1/88050
綰(995),13/88063
綱(996),111/88174
網(997),31/88205
綳(998),3/88208
綴(999),30/88238
綷(1000),6/88244
綸(1001),54/88298
綹(1002),1/88299
綺(1003),66/88365
綻(1004),3/88368
綽(1005),19/88387
綾(1006),7/88394
綿(1007),70/88464
緇(1008),19/88483
緊(1009),7/88490
緋(1010),14/88504
緌(1011),5/88509
緑(1012),64/88573
緒(1013),83/88656
緗(1014),7/88663
緘(1015),12/88675
線(1016),16/88691
緝(1017),39/88730
緞(1018),3/88733
締(1019),21/88754
緡(1020),6/88760
緣(1021),166/88926
編(1022),94/89020
緩(1023),25/89045
緬(1024),27/89072
緯(1025),78/89150
緰(1026),1/89151
緱(1027),2/89153
緲(1028),6/89159
練(1029),54/89213
緷(1030),1/89214
緹(1031),3/89217
緻(1032),379/89596
縂(1033),1/89597
縆(1034),1/89598
縈(1035),41/89639
縉(1036),19/89658
縊(1037),6/89664
縌(1038),1/89665
縑(1039),9/89674
縛(1040),27/89701
縝(1041),1/89702
縞(1042),13/89715
縟(1043),3/89718
縠(1044),22/89740
縣(1045),412/90152
縧(1046),1/90153
縫(1047),17/90170
縮(1048),14/90184
縯(1049),1/90185
縱(1050),129/90314
縲(1051),2/90316
縵(1052),3/90319
縶(1053),7/90326
縷(1054),14/90340
縹(1055),8/90348
縻(1056),25/90373
總(1057),178/90551
績(1058),86/90637
繁(1059),74/90711
繃(1060),3/90714
繄(1061),9/90723
繆(1062),28/90751
繇(1063),178/90929
繎(1064),1/90930
繒(1065),4/90934
織(1066),19/90953
繕(1067),8/90961
繘(1068),1/90962
繚(1069),17/90979
繞(1070),42/91021
繡(1071),32/91053
繢(1072),3/91056
繣(1073),1/91057
繤(1074),1/91058
繦(1075),1/91059
繩(1076),60/91119
繪(1077),19/91138
繫(1078),133/91271
繭(1079),21/91292
繮(1080),4/91296
繳(1081),7/91303
繹(1082),36/91339
繼(1083),147/91486
繽(1084),15/91501
繾(1085),10/91511
纁(1086),2/91513
纂(1087),57/91570
纊(1088),5/91575
續(1089),95/91670
纍(1090),180/91850
纏(1091),28/91878
纑(1092),1/91879
纓(1093),57/91936
纔(1094),61/91997
纕(1095),18/92015
纖(1096),29/92044
纘(1097),9/92053
纚(1098),4/92057
纛(1099),2/92059
纜(1100),2/92061
纠(1101),29/92090
纡(1102),114/92204
红(1103),54/92258
纣(1104),5/92263
纤(1105),29/92292
纥(1106),42/92334
约(1107),130/92464
级(1108),40/92504
纨(1109),26/92530
纩(1110),5/92535
纪(1111),161/92696
纫(1112),13/92709
纬(1113),78/92787
纭(1114),9/92796
纮(1115),5/92801
纯(1116),67/92868
纱(1117),12/92880
纲(1118),111/92991
纳(1119),145/93136
纴(1120),2/93138
纵(1121),129/93267
纶(1122),54/93321
纷(1123),95/93416
纸(1124),178/93594
纹(1125),9/93603
纺(1126),26/93629
纻(1127),9/93638
纽(1128),16/93654
线(1129),16/93670
绀(1130),4/93674
绁(1131),6/93680
绂(1132),13/93693
练(1133),54/93747
组(1134),46/93793
绅(1135),49/93842
细(1136),96/93938
织(1137),19/93957
终(1138),409/94366
绊(1139),6/94372
绋(1140),1/94373
绌(1141),3/94376
绍(1142),156/94532
绎(1143),36/94568
经(1144),998/95566
绐(1145),2/95568
绑(1146),2/95570
绒(1147),4/95574
结(1148),193/95767
绔(1149),1/95768
绕(1150),42/95810
绘(1151),19/95829
给(1152),151/95980
绚(1153),11/95991
绛(1154),317/96308
络(1155),16/96324
绝(1156),473/96797
绞(1157),6/96803
统(1158),84/96887
绠(1159),6/96893
绡(1160),4/96897
绢(1161),50/96947
绣(1162),32/96979
绥(1163),36/97015
绦(1164),1/97016
继(1165),147/97163
绩(1166),86/97249
绪(1167),83/97332
绫(1168),53/97385
续(1169),95/97480
绮(1170),180/97660
绯(1171),14/97674
绰(1172),19/97693
绳(1173),60/97753
维(1174),194/97947
绵(1175),70/98017
绶(1176),24/98041
绷(1177),3/98044
绸(1178),25/98069
绺(1179),1/98070
绻(1180),9/98079
综(1181),38/98117
绽(1182),3/98120
绾(1183),13/98133
绿(1184),64/98197
缀(1185),30/98227
缁(1186),19/98246
缃(1187),7/98253
缄(1188),12/98265
缅(1189),27/98292
缆(1190),2/98294
缇(1191),3/98297
缈(1192),53/98350
缉(1193),39/98389
缊(1194),5/98394
缋(1195),3/98397
缎(1196),3/98400
缑(1197),2/98402
缓(1198),25/98427
缔(1199),21/98448
缕(1200),14/98462
编(1201),94/98556
缗(1202),6/98562
缘(1203),166/98728
缙(1204),19/98747
缚(1205),27/98774
缛(1206),3/98777
缜(1207),1/98778
缝(1208),17/98795
缟(1209),65/98860
缠(1210),28/98888
缢(1211),6/98894
缣(1212),9/98903
缤(1213),15/98918
缥(1214),60/98978
缦(1215),3/98981
缧(1216),2/98983
缨(1217),57/99040
缩(1218),14/99054
缪(1219),28/99082
缭(1220),17/99099
缮(1221),8/99107
缯(1222),4/99111
缰(1223),4/99115
缱(1224),10/99125
缴(1225),7/99132
缵(1226),9/99141
缸(1227),2/99143
缺(1228),72/99215
缻(1229),1/99216
缽(1230),33/99249
罂(1231),5/99254
罄(1232),21/99275
罅(1233),2/99277
罈(1234),91/99368
罌(1235),5/99373
罍(1236),1/99374
罐(1237),1/99375
网(1238),31/99406
罔(1239),73/99479
罕(1240),41/99520
罗(1241),535/100055
罚(1242),30/100085
罟(1243),1/100086
罡(1244),1/100087
罢(1245),57/100144
罩(1246),6/100150
罪(1247),199/100349
罫(1248),1/100350
置(1249),142/100492
罰(1250),30/100522
署(1251),61/100583
罳(1252),1/100584
罴(1253),11/100595
罵(1254),11/100606
罷(1255),57/100663
罹(1256),14/100677
罾(1257),5/100682
羁(1258),32/100714
羅(1259),535/101249
羆(1260),11/101260
羇(1261),2/101262
羈(1262),32/101294
羊(1263),83/101377
羋(1264),5/101382
羌(1265),255/101637
美(1266),373/102010
羓(1267),1/102011
羔(1268),37/102048
羖(1269),25/102073
羜(1270),2/102075
羞(1271),29/102104
羠(1272),1/102105
羡(1273),33/102138
群(1274),334/102472
羨(1275),33/102505
義(1276),659/103164
羭(1277),2/103166
羯(1278),8/103174
羲(1279),162/103336
羳(1280),1/103337
羸(1281),19/103356
羹(1282),15/103371
羽(1283),259/103630
羿(1284),2/103632
翁(1285),144/103776
翅(1286),17/103793
翊(1287),24/103817
翌(1288),3/103820
翎(1289),5/103825
習(1290),180/104005
翔(1291),163/104168
翕(1292),9/104177
翘(1293),40/104217
翙(1294),3/104220
翚(1295),28/104248
翛(1296),8/104256
翟(1297),18/104274
翠(1298),142/104416
翥(1299),11/104427
翦(1300),52/104479
翩(1301),51/104530
翬(1302),1/104531
翮(1303),97/104628
翰(1304),209/104837
翱(1305),11/104848
翳(1306),79/104927
翶(1307),1/104928
翹(1308),40/104968
翺(1309),11/104979
翻(1310),91/105070
翼(1311),180/105250
翽(1312),1/105251
翾(1313),1/105252
翿(1314),2/105254
耀(1315),72/105326
老(1316),439/105765
考(1317),166/105931
耄(1318),11/105942
者(1319),3007/108949
耆(1320),18/108967
耇(1321),2/108969
耋(1322),1/108970
耍(1323),1/108971
耏(1324),3/108974
耐(1325),14/108988
耑(1326),1/108989
耒(1327),9/108998
耔(1328),2/109000
耕(1329),49/109049
耗(1330),2/109051
耘(1331),6/109057
耙(1332),1/109058
耜(1333),1/109059
耠(1334),1/109060
耦(1335),1/109061
耧(1336),1/109062
耨(1337),103/109165
耪(1338),1/109166
耬(1339),1/109167
耰(1340),1/109168
耳(1341),319/109487
耶(1342),282/109769
耸(1343),46/109815
耻(1344),76/109891
耽(1345),45/109936
耾(1346),7/109943
耿(1347),28/109971
聂(1348),9/109980
聃(1349),3/109983
聆(1350),27/110010
聊(1351),70/110080
聋(1352),9/110089
职(1353),171/110260
联(1354),61/110321
聖(1355),753/111074
聘(1356),16/111090
聚(1357),103/111193
聞(1358),676/111869
聩(1359),1/111870
聪(1360),62/111932
聯(1361),61/111993
聰(1362),62/112055
聱(1363),4/112059
聲(1364),467/112526
聳(1365),46/112572
聵(1366),1/112573
聶(1367),9/112582
職(1368),171/112753
聽(1369),213/112966
聾(1370),9/112975
聿(1371),33/113008
肁(1372),1/113009
肃(1373),186/113195
肄(1374),3/113198
肅(1375),186/113384
肆(1376),80/113464
肇(1377),61/113525
肉(1378),46/113571
肋(1379),4/113575
肌(1380),18/113593
肓(1381),1/113594
肖(1382),35/113629
肘(1383),12/113641
肚(1384),5/113646
肛(1385),1/113647
肜(1386),1/113648
肝(1387),47/113695
肠(1388),47/113742
股(1389),13/113755
肢(1390),3/113758
肤(1391),24/113782
肥(1392),112/113894
肩(1393),50/113944
肪(1394),1/113945
肫(1395),1/113946
肮(1396),2/113948
肯(1397),36/113984
肰(1398),3/113987
肱(1399),9/113996
育(1400),103/114099
肴(1401),18/114117
肸(1402),3/114120
肺(1403),37/114157
肾(1404),32/114189
肿(1405),14/114203
胀(1406),6/114209
胁(1407),15/114224
胂(1408),2/114226
胃(1409),38/114264
胄(1410),66/114330
胆(1411),20/114350
背(1412),115/114465
胎(1413),42/114507
胖(1414),3/114510
胙(1415),12/114522
胚(1416),3/114525
胜(1417),298/114823
胝(1418),17/114840
胞(1419),15/114855
胡(1420),110/114965
胤(1421),50/115015
胥(1422),30/115045
胪(1423),9/115054
胫(1424),3/115057
胯(1425),1/115058
胳(1426),2/115060
胶(1427),22/115082
胸(1428),22/115104
胹(1429),1/115105
胼(1430),9/115114
能(1431),1146/116260
胾(1432),1/116261
脁(1433),3/116264
脂(1434),11/116275
脃(1435),1/116276
脅(1436),15/116291
脆(1437),6/116297
脈(1438),53/116350
脉(1439),53/116403
脊(1440),6/116409
脍(1441),15/116424
脏(1442),3/116427
脐(1443),4/116431
脑(1444),6/116437
脓(1445),2/116439
脔(1446),2/116441
脖(1447),1/116442
脚(1448),16/116458
脛(1449),3/116461
脣(1450),1/116462
脩(1451),150/116612
脫(1452),93/116705
脯(1453),17/116722
脱(1454),93/116815
脸(1455),2/116817
脹(1456),6/116823
脾(1457),34/116857
腆(1458),1/116858
腊(1459),34/116892
腋(1460),2/116894
腌(1461),2/116896
腎(1462),32/116928
腐(1463),10/116938
腑(1464),2/116940
腔(1465),3/116943
腕(1466),26/116969
腠(1467),10/116979
腥(1468),6/116985
腦(1469),6/116991
腨(1470),1/116992
腫(1471),14/117006
腮(1472),1/117007
腯(1473),1/117008
腰(1474),46/117054
腳(1475),16/117070
腴(1476),26/117096
腸(1477),47/117143
腹(1478),41/117184
腺(1479),1/117185
腻(1480),3/117188
腼(1481),2/117190
腾(1482),125/117315
腿(1483),1/117316
膀(1484),1/117317
膂(1485),10/117327
膊(1486),1/117328
膍(1487),1/117329
膏(1488),33/117362
膑(1489),1/117363
膘(1490),1/117364
膚(1491),24/117388
膛(1492),1/117389
膜(1493),3/117392
膝(1494),25/117417
膠(1495),22/117439
膨(1496),1/117440
膩(1497),3/117443
膳(1498),63/117506
膴(1499),7/117513
膹(1500),1/117514
膺(1501),342/117856
膻(1502),3/117859
膽(1503),20/117879
膾(1504),15/117894
膿(1505),2/117896
臀(1506),2/117898
臂(1507),16/117914
臆(1508),6/117920
臈(1509),1/117921
臉(1510),2/117923
臊(1511),3/117926
臍(1512),4/117930
臏(1513),1/117931
臑(1514),3/117934
臘(1515),34/117968
臚(1516),9/117977
臝(1517),1/117978
臟(1518),3/117981
臠(1519),2/117983
臣(1520),1042/119025
臥(1521),48/119073
臧(1522),45/119118
臨(1523),512/119630
自(1524),1926/121556
臬(1525),6/121562
臭(1526),24/121586
臮(1527),11/121597
臯(1528),61/121658
臰(1529),1/121659
至(1530),1287/122946
致(1531),379/123325
臶(1532),1/123326
臸(1533),1/123327
臺(1534),801/124128
臻(1535),54/124182
臼(1536),18/124200
臾(1537),22/124222
臿(1538),1/124223
舀(1539),1/124224
舁(1540),2/124226
舃(1541),1/124227
舄(1542),18/124245
舅(1543),60/124305
舆(1544),178/124483
與(1545),1294/125777
興(1546),495/126272
舉(1547),318/126590
舊(1548),294/126884
舋(1549),1/126885
舌(1550),43/126928
舍(1551),482/127410
舎(1552),1/127411
舒(1553),62/127473
舘(1554),24/127497
舛(1555),11/127508
舜(1556),68/127576
舞(1557),76/127652
舟(1558),171/127823
舣(1559),3/127826
舩(1560),2/127828
航(1561),15/127843
舫(1562),6/127849
般(1563),85/127934
舰(1564),8/127942
舱(1565),2/127944
舲(1566),2/127946
舳(1567),4/127950
舵(1568),1/127951
舶(1569),2/127953
舷(1570),3/127956
舸(1571),5/127961
船(1572),34/127995
舻(1573),8/128003
艇(1574),2/128005
艎(1575),8/128013
艘(1576),2/128015
艙(1577),2/128017
艤(1578),3/128020
艦(1579),8/128028
艫(1580),8/128036
艮(1581),3/128039
良(1582),367/128406
艰(1583),57/128463
艱(1584),57/128520
色(1585),410/128930
艳(1586),48/128978
艶(1587),1/128979
艷(1588),141/129120
艺(1589),131/129251
艾(1590),28/129279
节(1591),587/129866
芄(1592),1/129867
芈(1593),5/129872
芊(1594),68/129940
芋(1595),2/129942
芍(1596),1/129943
芎(1597),1/129944
芒(1598),44/129988
芕(1599),2/129990
芗(1600),3/129993
芙(1601),13/130006
芜(1602),49/130055
芝(1603),103/130158
芟(1604),8/130166
芥(1605),51/130217
芦(1606),10/130227
芩(1607),2/130229
芬(1608),21/130250
芭(1609),6/130256
芯(1610),1/130257
芰(1611),8/130265
花(1612),199/130464
芳(1613),280/130744
芷(1614),40/130784
芸(1615),10/130794
芹(1616),1/130795
芻(1617),29/130824
芽(1618),6/130830
芾(1619),119/130949
苇(1620),9/130958
苌(1621),9/130967
苍(1622),99/131066
苏(1623),149/131215
苑(1624),146/131361
苒(1625),2/131363
苓(1626),9/131372
苔(1627),22/131394
苕(1628),5/131399
苗(1629),29/131428
苛(1630),9/131437
苞(1631),45/131482
苟(1632),124/131606
若(1633),1363/132969
苦(1634),207/133176
苫(1635),1/133177
英(1636),247/133424
苴(1637),7/133431
苹(1638),31/133462
苻(1639),20/133482
苽(1640),1/133483
苾(1641),7/133490
茀(1642),1/133491
茁(1643),1/133492
茂(1644),177/133669
范(1645),196/133865
茄(1646),3/133868
茅(1647),73/133941
茆(1648),1/133942
茈(1649),1/133943
茉(1650),2/133945
茍(1651),5/133950
茎(1652),13/133963
茏(1653),3/133966
茑(1654),5/133971
茔(1655),20/133991
茕(1656),5/133996
茗(1657),8/134004
茜(1658),2/134006
茝(1659),39/134045
茞(1660),2/134047
茟(1661),1/134048
茤(1662),3/134051
茧(1663),21/134072
茨(1664),20/134092
茫(1665),41/134133
茬(1666),1/134134
茯(1667),1/134135
茱(1668),1/134136
茲(1669),342/134478
茴(1670),1/134479
茵(1671),4/134483
茶(1672),26/134509
茸(1673),8/134517
茹(1674),19/134536
荀(1675),16/134552
荃(1676),10/134562
荆(1677),108/134670
荇(1678),50/134720
50(1679),393/135113
荊(1680),108/135221
荍(1681),2/135223
荏(1682),1/135224
荐(1683),61/135285
荑(1684),4/135289
荒(1685),116/135405
荔(1686),29/135434
荚(1687),3/135437
荛(1688),17/135454
荞(1689),3/135457
荟(1690),11/135468
荠(1691),5/135473
荡(1692),111/135584
荣(1693),291/135875
荤(1694),12/135887
荥(1695),5/135892
荦(1696),7/135899
荧(1697),15/135914
荩(1698),7/135921
荪(1699),15/135936
荫(1700),60/135996
药(1701),117/136113
荷(1702),104/136217
荸(1703),1/136218
荻(1704),1/136219
荼(1705),10/136229
莁(1706),2/136231
莂(1707),2/136233
莅(1708),20/136253
莆(1709),7/136260
莉(1710),1/136261
莊(1711),174/136435
莎(1712),3/136438
莒(1713),34/136472
莓(1714),1/136473
莖(1715),13/136486
莘(1716),3/136489
莚(1717),2/136491
莝(1718),2/136493
莞(1719),8/136501
莠(1720),1/136502
莢(1721),3/136505
莪(1722),2/136507
莫(1723),449/136956
莬(1724),1/136957
莱(1725),42/136999
莲(1726),111/137110
莳(1727),42/137152
莴(1728),3/137155
获(1729),202/137357
莸(1730),1/137358
莹(1731),35/137393
莺(1732),12/137405
莼(1733),3/137408
莽(1734),35/137443
菀(1735),26/137469
菁(1736),9/137478
菃(1737),1/137479
菅(1738),6/137485
菇(1739),2/137487
菉(1740),14/137501
菊(1741),28/137529
菌(1742),17/137546
菏(1743),3/137549
菑(1744),40/137589
菓(1745),1/137590
菕(1746),1/137591
菜(1747),33/137624
菟(1748),2/137626
菠(1749),1/137627
菡(1750),1/137628
菩(1751),674/138302
華(1752),871/139173
菰(1753),4/139177
菱(1754),2/139179
菲(1755),34/139213
菴(1756),9/139222
菹(1757),8/139230
菽(1758),1/139231
萁(1759),65/139296
萃(1760),42/139338
萄(1761),2/139340
萇(1762),9/139349
萊(1763),42/139391
萋(1764),3/139394
萌(1765),12/139406
萍(1766),18/139424
萎(1767),8/139432
萏(1768),4/139436
萚(1769),3/139439
萝(1770),28/139467
萤(1771),15/139482
营(1772),144/139626
萦(1773),41/139667
萧(1774),145/139812
萨(1775),230/140042
萩(1776),1/140043
萬(1777),869/140912
萭(1778),4/140916
萱(1779),4/140920
萵(1780),3/140923
萼(1781),23/140946
落(1782),247/141193
葆(1783),9/141202
葉(1784),322/141524
葐(1785),2/141526
葑(1786),66/141592
著(1787),315/141907
葛(1788),72/141979
葡(1789),1/141980
董(1790),119/142099
葦(1791),9/142108
葩(1792),28/142136
葪(1793),1/142137
葫(1794),3/142140
葬(1795),105/142245
葭(1796),1/142246
葯(1797),295/142541
葱(1798),18/142559
葳(1799),16/142575
葴(1800),1/142576
葵(1801),12/142588
葷(1802),12/142600
葸(1803),1/142601
葹(1804),2/142603
葺(1805),34/142637
蒀(1806),2/142639
蒂(1807),21/142660
蒋(1808),30/142690
蒐(1809),2/142692
蒓(1810),3/142695
蒔(1811),2/142697
蒙(1812),185/142882
蒜(1813),6/142888
蒞(1814),20/142908
蒟(1815),1/142909
蒦(1816),1/142910
蒲(1817),48/142958
蒸(1818),48/143006
蒹(1819),1/143007
蒻(1820),45/143052
蒼(1821),99/143151
蒿(1822),4/143155
蓀(1823),15/143170
蓁(1824),6/143176
蓂(1825),25/143201
蓄(1826),36/143237
蓉(1827),12/143249
蓊(1828),1/143250
蓋(1829),537/143787
蓍(1830),8/143795
蓏(1831),1/143796
蓐(1832),2/143798
蓑(1833),65/143863
蓖(1834),1/143864
蓝(1835),37/143901
蓟(1836),7/143908
蓠(1837),1/143909
蓬(1838),37/143946
蓮(1839),111/144057
蓱(1840),1/144058
蓴(1841),3/144061
蔇(1842),1/144062
蔑(1843),7/144069
蔓(1844),25/144094
蔔(1845),70/144164
蔗(1846),7/144171
蔚(1847),19/144190
蔡(1848),139/144329
蔣(1849),30/144359
蔥(1850),18/144377
蔦(1851),5/144382
蔫(1852),2/144384
蔬(1853),14/144398
蔭(1854),60/144458
蔵(1855),60/144518
蔹(1856),5/144523
蔺(1857),2/144525
蔼(1858),38/144563
蔽(1859),57/144620
蕀(1860),4/144624
蕁(1861),2/144626
蕃(1862),228/144854
蕉(1863),10/144864
蕊(1864),9/144873
蕎(1865),3/144876
蕓(1866),5/144881
蕕(1867),1/144882
蕖(1868),5/144887
蕘(1869),17/144904
蕙(1870),48/144952
蕞(1871),1/144953
蕢(1872),1/144954
蕤(1873),25/144979
蕨(1874),1/144980
蕩(1875),111/145091
蕪(1876),49/145140
蕭(1877),145/145285
蕰(1878),1/145286
蕲(1879),1/145287
蕴(1880),33/145320
蕺(1881),2/145322
蕾(1882),1/145323
薄(1883),162/145485
薆(1884),1/145486
薇(1885),4/145490
薈(1886),11/145501
薉(1887),1/145502
薊(1888),7/145509
薋(1889),2/145511
薌(1890),3/145514
薑(1891),66/145580
薛(1892),72/145652
薜(1893),27/145679
薝(1894),5/145684
薠(1895),2/145686
薤(1896),5/145691
薦(1897),61/145752
薨(1898),42/145794
薩(1899),230/146024
薪(1900),34/146058
薮(1901),6/146064
薯(1902),1/146065
薰(1903),107/146172
薳(1904),1/146173
薶(1905),1/146174
薺(1906),5/146179
薾(1907),1/146180
藁(1908),7/146187
藂(1909),3/146190
藉(1910),67/146257
藍(1911),37/146294
藎(1912),7/146301
藏(1913),772/147073
藐(1914),100/147173
藓(1915),2/147175
藕(1916),1/147176
藘(1917),1/147177
藜(1918),77/147254
藝(1919),131/147385
藤(1920),17/147402
藥(1921),117/147519
藩(1922),38/147557
藪(1923),6/147563
藴(1924),33/147596
藹(1925),38/147634
藺(1926),2/147636
藻(1927),37/147673
藿(1928),2/147675
蘄(1929),1/147676
蘅(1930),18/147694
蘆(1931),10/147704
蘇(1932),149/147853
蘊(1933),33/147886
蘋(1934),108/147994
蘑(1935),1/147995
蘘(1936),1/147996
蘚(1937),2/147998
蘞(1938),5/148003
蘢(1939),3/148006
蘥(1940),35/148041
蘩(1941),8/148049
蘭(1942),337/148386
蘸(1943),2/148388
蘺(1944),1/148389
蘼(1945),5/148394
蘿(1946),28/148422
虎(1947),162/148584
虏(1948),34/148618
虐(1949),15/148633
虑(1950),187/148820
虓(1951),7/148827
虔(1952),71/148898
處(1953),483/149381
虖(1954),1/149382
虙(1955),1/149383
虚(1956),427/149810
虜(1957),34/149844
虞(1958),212/150056
號(1959),214/150270
虡(1960),4/150274
虢(1961),46/150320
虧(1962),60/150380
虫(1963),32/150412
虬(1964),21/150433
虯(1965),21/150454
虱(1966),4/150458
虹(1967),17/150475
虺(1968),2/150477
虻(1969),1/150478
虽(1970),481/150959
虾(1971),8/150967
虿(1972),2/150969
蚀(1973),15/150984
蚁(1974),22/151006
蚂(1975),2/151008
蚊(1976),3/151011
蚋(1977),1/151012
蚌(1978),12/151024
蚓(1979),2/151026
蚕(1980),13/151039
